pipeline_version,locus,genotype,exp.rep,meiosis,meiosis_time_guess,good_guess
1,URA3,SP,3,t3,2.547016129032251,False
2,URA3,SP,1,t5,4.102150537634401,False
2,LYS2,WT,1,t3,2.3475268817204284,True
2,LYS2,SP,3,t4,1.5539784946236495,True
1,URA3,WT,9,ta,-1.1000000000000005,True
1,URA3,SP,3,t0,1.2354569892473073,True
0,URA3,WT,-5,t3,2.9845698924731163,False
2,URA3,SP,6,t0,0.4672580645161233,True
2,URA3,WT,2,t1,0.5113440860215048,True
0,URA3,SP,-1,t3,1.0668279569892434,True
2,URA3,SP,2,t4,3.9147849462365514,False
2,URA3,WT,1,t5,6.956720430107524,True
1,URA3,SP,2,t3,2.809327956989243,False
1,URA3,WT,2,t3,3.808978494623654,False
0,URA3,WT,-5,t5,3.8464516129032233,True
2,URA3,WT,1,t0,1.6355376344086006,True
2,URA3,SP,1,t4,3.071639784946232,False
2,URA3,WT,8,t3,3.696559139784945,True
2,LYS2,WT,1,t1,0.8486021505376335,True
1,URA3,SP,3,t3,2.2472311827956943,False
2,LYS2,WT,3,t1,1.3170161290322566,True
0,URA3,WT,-4,t0,0.4738709677419344,True
2,LYS2,SP,2,t4,2.4908064516128974,False
2,URA3,WT,8,t0,0.6424999999999992,True
0,URA3,SP,-1,t5,2.9966935483870927,False
2,URA3,WT,7,t3,4.727069892473116,False
2,LYS2,WT,1,t2,1.2982795698924718,True
2,LYS2,WT,3,t3,3.171935483870966,True
1,LYS2,WT,1,t0,0.1928225806451609,True
2,URA3,WT,6,t5,4.183709677419353,True
1,URA3,WT,5,t3,3.0595161290322572,False
2,URA3,SP,1,t4,3.015430107526875,False
1,URA3,WT,7,t3,0.7923924731182783,True
1,URA3,WT,7,t3,0.7923924731182783,True
1,URA3,SP,1,t0,0.20494623655913458,True
2,LYS2,WT,1,t6,6.956720430107524,True
1,URA3,WT,5,t5,3.808978494623654,True
2,URA3,SP,1,t5,4.083413978494619,False
2,LYS2,WT,2,t2,3.0407795698924716,True
2,URA3,WT,4,t4,4.427284946236558,True
0,URA3,SP,-2,t0,1.5352419354838673,True
2,URA3,WT,5,t2,2.459946236559139,True
2,LYS2,SP,1,t5,1.8724999999999952,True
1,URA3,SP,2,t3,2.134811827956984,False
1,URA3,WT,7,t5,0.9984946236559127,True
0,URA3,WT,-5,t0,1.129650537634408,True
1,URA3,SP,5,t0,0.5234677419354803,True
0,URA3,WT,-4,t3,3.003306451612902,False
1,URA3,WT,6,t5,4.277392473118278,True
2,LYS2,WT,3,t2,2.9658333333333324,True
2,URA3,WT,1,t2,3.4529838709677403,True
1,URA3,WT,9,t0,0.04293010752688087,True
2,LYS2,SP,2,t2,1.1043010752688112,True
0,URA3,WT,-4,t3,2.9658333333333324,False
1,URA3,SP,2,t3,2.753118279569886,False
2,LYS2,SP,1,t4,2.3971236559139726,False
1,URA3,WT,2,t3,1.1858602150537623,False
2,URA3,SP,3,t3,2.041129032258059,True
0,URA3,WT,-6,t5,4.033817204301073,True
1,URA3,WT,7,t3,0.9797580645161279,True
1,LYS2,WT,1,t0,0.23029569892473045,True
0,URA3,SP,-2,t0,1.5914516129032208,True
1,URA3,WT,2,t3,3.696559139784945,False
2,LYS2,SP,1,t1,0.073790322580642,True
0,URA3,SP,-2,t5,4.139623655913972,True
1,URA3,SP,5,t3,2.9404838709677357,False
1,URA3,WT,4,t3,2.9658333333333324,False
2,URA3,SP,3,t4,2.9592204301075213,False
2,LYS2,SP,3,t1,0.11126344086020978,True
0,URA3,WT,-6,t0,2.1788978494623645,True
2,URA3,WT,8,t3,3.7527688172042986,True
1,URA3,WT,7,t3,0.8111290322580631,True
2,URA3,SP,3,t4,3.052903225806446,False
2,URA3,WT,9,t1,1.6917473118279558,True
2,URA3,SP,7,t1,0.2424193548387059,True
0,URA3,WT,-4,t3,2.909623655913977,False
2,LYS2,SP,2,t2,1.0106182795698864,True
1,URA3,WT,7,t3,0.7174462365591392,True
2,URA3,SP,2,t4,4.308252688172036,False
0,URA3,SP,-2,t0,1.7788172043010704,True
2,URA3,WT,2,t2,3.022043010752686,True
2,URA3,WT,7,t5,4.764543010752686,False
1,URA3,SP,6,t0,0.5047311827956946,True
1,URA3,SP,5,t3,2.9592204301075213,False
2,URA3,SP,7,t3,2.7156451612903183,False
2,URA3,WT,1,t2,3.4155107526881707,True
1,URA3,SP,3,t0,1.329139784946232,True
1,URA3,SP,3,t5,4.214569892473111,True
2,LYS2,WT,2,t4,4.296129032258062,True
2,URA3,SP,6,t3,2.0223924731182734,True
1,URA3,WT,4,t3,3.0595161290322572,False
2,LYS2,SP,2,t1,0.12999999999999545,True
1,URA3,SP,5,t0,0.5047311827956946,True
2,URA3,SP,2,t0,0.03631720430107066,True
1,URA3,SP,3,t3,2.134811827956984,False
1,URA3,WT,2,t3,3.808978494623654,False
2,URA3,SP,6,t5,7.0063172043010695,False
1,URA3,WT,1,t0,-0.12569892473118394,False
0,URA3,WT,-5,t3,3.0407795698924716,False
2,URA3,SP,5,t5,5.132661290322574,False
2,URA3,SP,6,t3,1.9849193548387056,True
1,URA3,WT,4,t5,5.15801075268817,True
2,URA3,WT,9,t1,2.2538440860215037,True
1,URA3,WT,4,t3,3.0595161290322572,False
2,LYS2,WT,2,t4,4.314865591397847,True
1,URA3,SP,6,t3,2.4158602150537583,False
2,URA3,SP,6,t3,2.1535483870967695,False
2,LYS2,SP,3,t2,0.9918817204301007,False
2,URA3,WT,4,t5,5.682634408602148,True
0,URA3,SP,-2,t5,4.7579301075268745,False
2,URA3,WT,9,ta,-0.9501075268817205,True
1,URA3,SP,2,t3,2.4908064516128974,False
2,URA3,SP,3,t1,0.8232526881720368,True
2,LYS2,SP,3,t0,0.01758064516128499,True
1,URA3,WT,4,t5,5.38284946236559,True
1,URA3,WT,9,t3,0.5488172043010744,True
1,URA3,SP,2,t3,2.4720698924731117,False
2,URA3,SP,3,t4,3.052903225806446,False
1,URA3,WT,4,t3,2.9470967741935468,False
2,URA3,SP,2,t0,-0.0011559139785006778,True
2,URA3,WT,9,t1,2.160161290322579,True
1,URA3,SP,5,t3,2.9592204301075213,False
1,LYS2,WT,1,t0,0.2677688172043,True
0,URA3,SP,-1,t5,3.1653225806451566,False
0,URA3,WT,-4,t0,0.3614516129032248,True
2,URA3,WT,1,t2,3.5279301075268794,True
2,URA3,SP,6,t5,7.062526881720423,False
2,URA3,SP,1,t6,6.144435483870961,True
1,URA3,WT,2,t3,3.621612903225804,False
2,URA3,SP,7,t1,0.31736559139784504,True
0,URA3,WT,-5,t0,1.1109139784946223,True
0,URA3,WT,-5,t3,2.9658333333333324,False
0,URA3,WT,-5,t5,3.9026612903225786,True
1,URA3,WT,4,t3,2.2725806451612884,False
1,URA3,WT,4,t5,5.476532258064514,True
2,LYS2,SP,1,t0,-0.694408602150542,False
2,LYS2,SP,1,t1,0.01758064516128499,True
2,LYS2,SP,1,t2,0.3548387096774128,True
2,LYS2,SP,1,t3,1.4040860215053712,True
2,LYS2,SP,1,t4,2.134811827956984,True
2,LYS2,SP,1,t5,2.6219623655913935,True
2,URA3,WT,4,t0,0.24903225806451523,True
2,URA3,WT,4,t1,1.0172311827956975,True
2,URA3,WT,4,t2,2.684784946236558,True
2,URA3,WT,4,t3,3.34056451612903,True
2,URA3,WT,4,t4,4.502231182795697,True
2,URA3,WT,4,t5,6.001155913978492,True
2,URA3,WT,5,t0,0.8298655913978488,True
2,URA3,WT,5,t1,2.0102688172042997,True
2,URA3,WT,5,t2,2.5723655913978476,True
2,URA3,WT,5,t3,3.078252688172041,True
2,URA3,WT,5,t4,4.202446236559137,True
2,URA3,WT,5,t5,4.633387096774191,True
1,URA3,SP,6,t0,0.4672580645161233,True
1,URA3,SP,6,t3,1.8162903225806382,True
1,URA3,SP,6,t5,4.439408602150532,True
1,URA3,WT,6,t0,0.9610215053763431,True
1,URA3,WT,6,t3,3.022043010752686,True
1,URA3,WT,6,t5,4.408548387096772,True
2,URA3,WT,5,t0,0.6987096774193535,True
2,URA3,WT,5,t1,1.9540591397849445,True
2,URA3,WT,5,t2,2.534892473118278,True
2,URA3,WT,5,t3,3.022043010752686,True
2,URA3,WT,5,t4,4.389811827956986,True
2,URA3,WT,5,t5,3.9776075268817177,True
0,URA3,WT,-5,t0,1.1109139784946223,True
0,URA3,WT,-5,t3,3.022043010752686,True
0,URA3,WT,-5,t5,3.883924731182793,True
2,LYS2,SP,2,t0,-0.0011559139785006778,True
2,LYS2,SP,2,t1,0.1674731182795668,True
2,LYS2,SP,2,t2,0.8607258064516081,True
2,LYS2,SP,2,t4,2.5657526881720365,True
2,LYS2,SP,2,t5,3.052903225806446,False
2,LYS2,SP,2,t6,3.6337365591397806,True
2,LYS2,WT,3,t0,1.1483870967741927,False
2,LYS2,WT,3,t1,0.9610215053763431,True
2,LYS2,WT,3,t2,3.0595161290322572,True
2,LYS2,WT,3,t3,3.2843548387096764,True
2,LYS2,WT,3,t5,4.090026881720428,True
2,URA3,SP,5,t1,1.3478763440860178,True
2,URA3,SP,5,t2,2.0973387096774125,True
2,URA3,SP,5,t3,3.2402688172042957,True
2,URA3,SP,5,t4,3.9522580645161227,True
2,URA3,SP,5,t5,5.001505376344081,True
2,URA3,WT,2,t1,0.8860752688172031,True
2,URA3,WT,2,t2,2.703521505376342,True
2,URA3,WT,2,t3,3.9776075268817177,True
2,URA3,WT,2,t4,4.352338709677417,True
2,URA3,WT,5,t0,0.7549193548387088,True
2,URA3,WT,5,t1,2.0290053763440845,True
2,URA3,WT,5,t2,2.534892473118278,True
2,URA3,WT,5,t3,3.1157258064516107,True
2,URA3,WT,5,t4,4.164973118279567,True
2,URA3,WT,5,t5,3.9963440860215034,True
1,LYS2,WT,1,t0,0.13661290322580566,True
2,LYS2,SP,1,t0,0.4297849462365555,False
2,LYS2,SP,1,t1,-0.019892473118282794,True
2,LYS2,SP,1,t2,0.48599462365590895,True
2,LYS2,SP,1,t3,1.4228225806451569,True
2,LYS2,SP,1,t4,2.3221774193548335,True
2,LYS2,SP,1,t5,2.584489247311822,True
0,URA3,SP,-1,t0,0.20494623655913458,True
0,URA3,SP,-1,t3,1.1230376344085968,True
0,URA3,SP,-1,t5,2.809327956989243,True
2,LYS2,SP,2,t0,-0.0011559139785006778,True
2,LYS2,SP,2,t1,0.14873655913978112,True
2,LYS2,SP,2,t2,0.8794623655913938,True
2,LYS2,SP,2,t4,2.378387096774187,True
2,LYS2,SP,2,t5,3.071639784946232,True
2,LYS2,SP,2,t6,3.558790322580638,True
1,URA3,WT,6,t0,0.9984946236559127,True
1,URA3,WT,6,t3,2.9845698924731163,True
1,URA3,WT,6,t5,4.314865591397847,True
2,URA3,WT,7,t0,0.32397849462365524,True
2,URA3,WT,7,t1,1.5793279569892462,True
2,URA3,WT,7,t2,2.684784946236558,True
2,URA3,WT,7,t3,4.783279569892471,False
2,URA3,WT,7,t4,3.9026612903225786,True
2,URA3,SP,6,t0,0.4297849462365555,True
2,URA3,SP,6,t1,1.2167204301075216,True
2,URA3,SP,6,t3,2.0598655913978448,True
2,URA3,SP,6,t4,2.4720698924731117,True
2,URA3,SP,6,t5,5.245080645161284,False
1,URA3,WT,1,t0,0.1928225806451609,True
1,URA3,WT,1,t3,-0.20064516129032306,False
1,URA3,WT,1,t5,-0.7814784946236566,False
2,URA3,SP,5,t1,1.329139784946232,True
2,URA3,SP,5,t2,2.1535483870967695,True
2,URA3,SP,5,t3,3.015430107526875,True
2,URA3,SP,5,t4,4.083413978494619,True
2,URA3,SP,5,t5,5.020241935483863,True
2,URA3,SP,7,t0,0.05505376344085633,True
2,URA3,SP,7,t1,0.31736559139784504,True
2,URA3,SP,7,t2,1.4602956989247247,True
2,URA3,SP,7,t3,2.828064516129025,True
2,URA3,SP,7,t4,4.177096774193544,True
2,URA3,SP,7,t5,4.177096774193544,True
2,URA3,SP,7,ta,-0.8630376344086059,True
2,URA3,WT,9,t0,-0.10696236559139827,True
2,URA3,WT,9,t1,1.523118279569891,True
2,URA3,WT,9,t2,2.1788978494623645,True
2,URA3,WT,9,t3,4.670860215053761,True
2,URA3,WT,9,t4,5.457795698924729,True
2,URA3,WT,9,ta,-0.987580645161291,True
2,URA3,WT,6,t0,0.9610215053763431,True
2,URA3,WT,6,t1,0.6987096774193535,True
2,URA3,WT,6,t3,3.0595161290322572,True
2,URA3,WT,6,t4,3.715295698924729,True
2,URA3,WT,6,t5,4.296129032258062,True
2,URA3,WT,9,t0,0.024193548387096087,True
2,URA3,WT,9,t1,1.523118279569891,True
2,URA3,WT,9,t2,1.841639784946235,True
2,URA3,WT,9,t3,4.970645161290321,True
2,URA3,WT,9,t4,4.951908602150535,True
2,URA3,WT,9,ta,-0.8938978494623662,True
2,URA3,WT,3,t0,1.598064516129031,False
2,URA3,WT,3,t1,0.5675537634408592,True
2,URA3,WT,3,t3,2.9845698924731163,True
2,URA3,WT,3,t4,3.7527688172042986,True
2,URA3,WT,3,t5,4.764543010752686,True
1,URA3,WT,4,t3,3.565403225806449,False
1,URA3,WT,4,t5,4.989381720430105,True
2,LYS2,WT,2,t0,-0.8564247311827966,True
2,LYS2,WT,2,t1,1.4481720430107519,True
2,LYS2,WT,2,t2,2.703521505376342,True
2,LYS2,WT,2,t3,3.5091935483870955,True
2,LYS2,WT,2,t4,4.258655913978492,True
1,URA3,WT,2,t3,3.4155107526881707,False
2,URA3,SP,2,t0,0.01758064516128499,True
2,URA3,SP,2,t1,1.1792473118279503,True
2,URA3,SP,2,t3,2.9592204301075213,True
2,URA3,SP,2,t4,4.008467741935476,True
2,URA3,SP,2,t5,5.0577150537634346,True
1,URA3,WT,9,t0,0.0991397849462361,True
1,URA3,WT,9,t3,0.8111290322580631,False
1,URA3,WT,9,ta,-1.0250537634408605,True
2,URA3,WT,8,t0,0.6237634408602144,True
2,URA3,WT,8,t1,2.5161559139784924,True
2,URA3,WT,8,t2,2.9845698924731163,True
2,URA3,WT,8,t3,3.715295698924729,True
2,URA3,WT,8,t4,4.8394892473118265,True
2,URA3,WT,8,t5,5.420322580645159,True
1,URA3,WT,9,t0,-0.013279569892473475,True
1,URA3,WT,9,t3,0.5488172043010744,False
1,URA3,WT,9,ta,-1.0250537634408605,True
2,LYS2,SP,3,t0,-0.013279569892473475,True
2,LYS2,SP,3,t1,0.14873655913978112,True
2,LYS2,SP,3,t2,1.0106182795698864,True
2,LYS2,SP,3,t3,1.2167204301075216,True
2,LYS2,SP,3,t4,1.6851344086021456,True
2,LYS2,SP,3,t5,2.3221774193548335,True
2,LYS2,SP,2,t0,0.05505376344085633,True
2,LYS2,SP,2,t1,0.22368279569892024,True
2,LYS2,SP,2,t2,0.8045161290322547,True
2,LYS2,SP,2,t4,2.603225806451608,True
2,LYS2,SP,2,t5,3.465107526881713,True
2,LYS2,SP,2,t6,3.9522580645161227,True
1,URA3,WT,2,t3,1.523118279569891,False
2,LYS2,SP,3,t0,0.01758064516128499,True
2,LYS2,SP,3,t1,0.29862903225805937,True
2,LYS2,SP,3,t2,1.029354838709672,True
2,LYS2,SP,3,t3,1.254193548387093,True
2,LYS2,SP,3,t4,1.6476612903225742,True
2,LYS2,SP,3,t5,2.4720698924731117,True
0,URA3,SP,-1,t0,0.2424193548387059,True
0,URA3,SP,-1,t3,1.272930107526875,True
0,URA3,SP,-1,t5,2.828064516129025,True
2,URA3,WT,1,t0,0.6799731182795687,True
2,URA3,WT,1,t1,2.928360215053761,True
2,URA3,WT,1,t2,3.7527688172042986,True
2,URA3,WT,1,t3,5.139274193548385,True
2,URA3,WT,1,t5,7.050403225806448,True
1,URA3,SP,5,t0,0.48599462365590895,True
1,URA3,SP,5,t3,2.8655376344085965,True
2,LYS2,WT,2,t0,-0.594112903225807,True
2,LYS2,WT,2,t1,1.4669086021505366,True
2,LYS2,WT,2,t2,2.759731182795697,True
2,LYS2,WT,2,t3,3.546666666666665,True
2,LYS2,WT,2,t4,4.427284946236558,True
2,LYS2,WT,1,t0,0.23029569892473045,True
2,LYS2,WT,1,t1,0.8860752688172031,True
2,LYS2,WT,1,t2,1.2982795698924718,True
2,LYS2,WT,1,t3,2.3662634408602132,True
2,LYS2,WT,1,t4,4.146236559139783,True
2,LYS2,WT,1,t5,5.776317204301073,True
2,LYS2,WT,1,t6,6.93798387096774,True
1,LYS2,WT,1,t0,0.23029569892473045,True
0,URA3,WT,-5,t0,1.1109139784946223,True
0,URA3,WT,-5,t3,3.022043010752686,True
0,URA3,WT,-5,t5,3.865188172043009,True
1,URA3,SP,6,t0,0.39231182795698416,True
1,URA3,SP,6,t3,1.8537634408602095,True
1,URA3,SP,6,t5,3.8960483870967693,True
2,URA3,SP,1,t0,0.03631720430107066,True
2,URA3,SP,1,t1,0.29862903225805937,True
2,URA3,SP,1,t2,1.1605107526881682,True
2,URA3,SP,1,t3,2.340913978494619,True
2,URA3,SP,1,t4,3.015430107526875,True
2,URA3,SP,1,t5,3.8398387096774123,True
2,URA3,SP,1,t6,4.795403225806446,True
2,LYS2,SP,2,t0,0.01758064516128499,True
2,LYS2,SP,2,t1,0.3361021505376307,True
2,LYS2,SP,2,t2,0.8232526881720368,True
2,LYS2,SP,2,t4,2.434596774193544,True
2,LYS2,SP,2,t5,2.977956989247307,False
2,LYS2,SP,2,t6,3.82110215053763,True
2,URA3,WT,9,t0,-0.0694892473118287,True
2,URA3,WT,9,t1,1.841639784946235,True
2,URA3,WT,9,t2,3.396774193548385,True
2,URA3,WT,9,t3,4.614650537634406,True
2,URA3,WT,9,t4,5.101801075268815,True
2,URA3,WT,9,ta,-0.9688440860215062,True
1,URA3,WT,1,t0,0.04293010752688087,True
1,URA3,WT,1,t3,-0.2568548387096783,False
1,URA3,WT,1,t5,-0.9501075268817205,False
1,URA3,WT,7,t0,0.2865053763440848,True
1,URA3,WT,7,t3,0.8860752688172031,True
1,URA3,WT,7,t5,1.1858602150537623,True
1,URA3,WT,6,t0,0.9422849462365583,True
1,URA3,WT,6,t3,2.9470967741935468,True
1,URA3,WT,6,t5,4.464758064516127,True
1,URA3,SP,2,t3,2.4908064516128974,False
0,URA3,WT,-4,t0,0.4551344086021496,True
0,URA3,WT,-4,t3,2.9845698924731163,True
0,URA3,WT,-4,t5,4.296129032258062,True
2,LYS2,WT,2,t0,-0.4254838709677422,True
2,LYS2,WT,2,t1,1.5793279569892462,True
2,LYS2,WT,2,t2,2.7222580645161276,True
2,LYS2,WT,2,t3,3.5279301075268794,True
2,LYS2,WT,2,t4,4.408548387096772,True
